{
  "feature": "real_rate",
  "attempt": 6,
  "method": "deterministic_bond_vol_momentum_zscore",
  "timestamp": "2026-02-18T01:48:56.199323",
  "best_params": {
    "vol_window": 20,
    "vol_zscore_window": 120,
    "autocorr_window": 15,
    "autocorr_zscore_window": 60
  },
  "validation_mi_sum": 1.0938019883312617,
  "per_feature_mi": {
    "rr_bond_vol_z": 0.5712112827965732,
    "rr_momentum_z": 0.5225907055346887
  },
  "autocorrelation": {
    "rr_bond_vol_z": 0.9604884266119336,
    "rr_momentum_z": 0.8515559769153895
  },
  "cross_correlation": 0.015467333221725818,
  "output_shape": [
    2777,
    2
  ],
  "output_columns": [
    "rr_bond_vol_z",
    "rr_momentum_z"
  ],
  "output_stats": {
    "rr_bond_vol_z": {
      "mean": -0.015788513675251754,
      "std": 1.212520166503891,
      "min": -3.352026488220277,
      "max": 4.0
    },
    "rr_momentum_z": {
      "mean": -0.01026618081368345,
      "std": 1.131801362604822,
      "min": -4.0,
      "max": 4.0
    }
  },
  "nan_filled_rows": 0,
  "n_optuna_trials": 36,
  "total_combinations": 36,
  "all_checks_passed": false,
  "split_info": {
    "train_rows": 1943,
    "val_rows": 416,
    "test_rows": 417
  }
}