{
  "feature": "meta_model",
  "attempt": 11,
  "timestamp": "2026-02-17T15:25:12.114311",
  "architecture": "XGBoost reg:squarederror + Bootstrap confidence + OLS scaling",
  "phase": "3_meta_model",
  "model_config": {
    "n_features": 27,
    "train_samples": 2132,
    "val_samples": 456,
    "test_samples": 458,
    "samples_per_feature_ratio": 78.96296296296296,
    "selected_configuration": "optuna",
    "optuna_trials_completed": 100,
    "best_params": {
      "max_depth": 4,
      "min_child_weight": 15,
      "subsample": 0.8241994583667163,
      "colsample_bytree": 0.35054957976722156,
      "reg_lambda": 14.264384098300848,
      "reg_alpha": 7.99429940396519,
      "learning_rate": 0.04356913936012947,
      "n_estimators": 672
    }
  },
  "optuna_search": {
    "n_trials": 100,
    "best_value": 0.6737301089289162,
    "best_trial_number": 99,
    "top_5_trials": [
      {
        "number": 99,
        "value": 0.6737301089289162,
        "params": {
          "max_depth": 4,
          "min_child_weight": 15,
          "subsample": 0.8241994583667163,
          "colsample_bytree": 0.35054957976722156,
          "reg_lambda": 14.264384098300848,
          "reg_alpha": 7.99429940396519,
          "learning_rate": 0.04356913936012947,
          "n_estimators": 672
        },
        "val_da": 0.5648351648351648,
        "val_hc_da": 0.5555555555555556
      },
      {
        "number": 92,
        "value": 0.6383508688274983,
        "params": {
          "max_depth": 4,
          "min_child_weight": 13,
          "subsample": 0.8390897516207901,
          "colsample_bytree": 0.4769320419264262,
          "reg_lambda": 13.273026706984131,
          "reg_alpha": 7.504553615022791,
          "learning_rate": 0.0019791027409622034,
          "n_estimators": 682
        },
        "val_da": 0.5582417582417583,
        "val_hc_da": 0.5
      },
      {
        "number": 17,
        "value": 0.6232461871921116,
        "params": {
          "max_depth": 4,
          "min_child_weight": 14,
          "subsample": 0.7933720899768365,
          "colsample_bytree": 0.4600883011868393,
          "reg_lambda": 1.6594987885900563,
          "reg_alpha": 1.8037106424213314,
          "learning_rate": 0.022771948135860316,
          "n_estimators": 682
        },
        "val_da": 0.5582417582417583,
        "val_hc_da": 0.5333333333333333
      },
      {
        "number": 86,
        "value": 0.6203737902369909,
        "params": {
          "max_depth": 4,
          "min_child_weight": 13,
          "subsample": 0.7767716443892534,
          "colsample_bytree": 0.46490133838706754,
          "reg_lambda": 7.3426785396494765,
          "reg_alpha": 5.722715168822717,
          "learning_rate": 0.0019569113144205855,
          "n_estimators": 740
        },
        "val_da": 0.5516483516483517,
        "val_hc_da": 0.4888888888888889
      },
      {
        "number": 96,
        "value": 0.6134414760406184,
        "params": {
          "max_depth": 4,
          "min_child_weight": 13,
          "subsample": 0.7953181898939832,
          "colsample_bytree": 0.44670490517960126,
          "reg_lambda": 11.019413806656537,
          "reg_alpha": 8.388034844297872,
          "learning_rate": 0.0017124353775848048,
          "n_estimators": 671
        },
        "val_da": 0.5494505494505495,
        "val_hc_da": 0.5
      }
    ]
  },
  "fallback_comparison": {
    "fallback_objective": 0.6046784958450624,
    "optuna_objective": 0.6737301089289162,
    "selected": "optuna",
    "fallback_metrics": {
      "da": 0.5252747252747253,
      "hcda": 0.6060606060606061,
      "mae": 0.6464007064125671,
      "sharpe": 1.0696526171866962
    }
  },
  "bootstrap_analysis": {
    "bootstrap_ensemble_size": 5,
    "bootstrap_seeds": [
      42,
      43,
      44,
      45,
      46
    ],
    "bootstrap_std_range_test": [
      0.005470530595630407,
      0.19679485261440277
    ],
    "bootstrap_std_mean_test": 0.03933725506067276,
    "bootstrap_conf_range_test": [
      0.8355650901794434,
      0.9945592284202576
    ],
    "bootstrap_conf_mean_test": 0.9625937342643738,
    "hcda_bootstrap": 0.5543478260869565,
    "hcda_pred": 0.5978260869565217,
    "hcda_improvement": -0.04347826086956519
  },
  "ols_scaling": {
    "alpha_ols": 1.1406701589647232,
    "mae_raw": 0.9504584648470892,
    "mae_scaled": 0.9497419082676578,
    "mae_improvement": 0.0007165565794313711
  },
  "primary_hcda_method": "pred",
  "primary_hcda_value": 0.5978260869565217,
  "primary_mae": 0.9497419082676578,
  "metrics": {
    "train": {
      "direction_accuracy": 0.6498586239396795,
      "high_confidence_da": 0.8337236533957846,
      "high_confidence_coverage": 0.200281425891182,
      "mae": 0.6193377796609079,
      "mae_raw": 0.6232668085267167,
      "mae_scaled": 0.6193377796609079,
      "sharpe_ratio": 5.569759196898716
    },
    "val": {
      "direction_accuracy": 0.545054945054945,
      "high_confidence_da": 0.5494505494505495,
      "high_confidence_coverage": 0.19956140350877194,
      "mae": 0.6466929103257515,
      "mae_raw": 0.6466929103257515,
      "mae_scaled": 0.6469640161859025,
      "sharpe_ratio": 1.027886190055434
    },
    "test": {
      "direction_accuracy": 0.5567685589519651,
      "high_confidence_da": 0.5978260869565217,
      "high_confidence_coverage": 0.20087336244541484,
      "mae": 0.9497419082676578,
      "mae_raw": 0.9504584648470892,
      "mae_scaled": 0.9497419082676578,
      "sharpe_ratio": 1.5190403354184958
    }
  },
  "target_evaluation": {
    "direction_accuracy": {
      "target": "> 56.0%",
      "actual": "55.68%",
      "gap": "-0.32pp",
      "passed": false
    },
    "high_confidence_da": {
      "target": "> 60.0%",
      "actual": "59.78%",
      "gap": "-0.22pp",
      "passed": false,
      "method_used": "pred"
    },
    "mae": {
      "target": "< 0.75%",
      "actual": "0.9497%",
      "gap": "-0.9422%",
      "passed": false
    },
    "sharpe_ratio": {
      "target": "> 0.80",
      "actual": "1.52",
      "gap": "+0.72",
      "passed": true
    }
  },
  "targets_passed": "1",
  "targets_total": 4,
  "overall_passed": false,
  "overfitting_analysis": {
    "train_test_da_gap_pp": 9.309006498771444,
    "target_gap_pp": 10.0,
    "overfitting_check": "PASS"
  },
  "feature_importance": {
    "top_10_xgb": [
      {
        "feature": "real_rate_change",
        "importance": 0.07271730899810791
      },
      {
        "feature": "tech_trend_regime_prob",
        "importance": 0.06411474943161011
      },
      {
        "feature": "tech_mean_reversion_z",
        "importance": 0.043432220816612244
      },
      {
        "feature": "inflation_exp_change",
        "importance": 0.04335425794124603
      },
      {
        "feature": "yc_curvature_z",
        "importance": 0.04256155341863632
      },
      {
        "feature": "xasset_divergence",
        "importance": 0.039488695561885834
      },
      {
        "feature": "xasset_regime_prob",
        "importance": 0.039126697927713394
      },
      {
        "feature": "options_risk_regime_prob",
        "importance": 0.03890621289610863
      },
      {
        "feature": "dxy_regime_prob",
        "importance": 0.03883004188537598
      },
      {
        "feature": "vix_regime_probability",
        "importance": 0.03794462978839874
      }
    ],
    "options_risk_regime_prob_rank": 23,
    "options_risk_regime_prob_importance": 0.03890621289610863,
    "temporal_context_score_rank": 27,
    "temporal_context_score_importance": 0.034402035176754,
    "dxy_regime_prob_rank": 24,
    "dxy_regime_prob_importance": 0.03883004188537598,
    "dxy_momentum_z_rank": 25,
    "dxy_momentum_z_importance": 0.022875387221574783,
    "dxy_vol_z_rank": 26,
    "dxy_vol_z_importance": 0.030762167647480965
  },
  "vs_attempt_2": {
    "da_delta_pp": -1.583144104803491,
    "hcda_delta_pp": 4.522608695652175,
    "mae_delta": 0.26204190826765783,