{
  "feature": "real_rate",
  "attempt": 6,
  "method": "deterministic_bond_vol_momentum_zscore",
  "timestamp": "2026-02-17T11:54:56.264458",
  "best_params": {
    "vol_window": 10,
    "vol_zscore_window": 60,
    "autocorr_window": 10,
    "autocorr_zscore_window": 30
  },
  "validation_mi_sum": 1.2045741775718872,
  "per_feature_mi": {
    "rr_bond_vol_z": 0.5942600708120758,
    "rr_momentum_z": 0.6103141067598115
  },
  "autocorrelation": {
    "rr_bond_vol_z": 0.8989289934531742,
    "rr_momentum_z": 0.7694776537543878
  },
  "cross_correlation": 0.06465251613069792,
  "output_shape": [
    2523,
    2
  ],
  "output_columns": [
    "rr_bond_vol_z",
    "rr_momentum_z"
  ],
  "output_stats": {
    "rr_bond_vol_z": {
      "mean": 0.01210933831815581,
      "std": 1.1672935868656598,
      "min": -3.012260334042066,
      "max": 4.0
    },
    "rr_momentum_z": {
      "mean": 3.3926183298098895e-06,
      "std": 1.2112177586866941,
      "min": -4.0,
      "max": 4.0
    }
  },
  "nan_filled_rows": 0,
  "n_optuna_trials": 36,
  "total_combinations": 36,
  "all_checks_passed": true,
  "split_info": {
    "train_rows": 1766,
    "val_rows": 378,
    "test_rows": 379
  }
}