{
  "n_promoted": 40,
  "n_demoted": 58,
  "promoted_da": 0.4,
  "demoted_da": 0.603448275862069,
  "overlap_with_standard": 0.21621621621621623,
  "confidence_model_degree": 2,
  "confidence_model_C": 0.12336245991553757,
  "confidence_model_feature_set": 1,
  "cv_hcda_mean": 0.6545454545454545,
  "cv_hcda_std": 0.06803013430498078,
  "top_coefficients": {
    "f1 f5": -0.11334233939030981,
    "f2": 0.06836888737237823,
    "f3 f5": -0.06737819893745664,
    "f3 f7": 0.05045880931748613,
    "f7": 0.046259339788627535,
    "f1": -0.041268019178064635,
    "f2 f7": -0.03717305130344716,
    "f1 f2": -0.03434345907669515,
    "f6 f7": -0.03311507960427828,
    "f4 f7": -0.03219950733560948
  }
}