{
  "n_components": 2,
  "covariance_type": "full",
  "means": [
    [
      0.0001409385423443864,
      0.002296935054301036
    ],
    [
      -0.003805426226407643,
      0.004829868629897738
    ]
  ],
  "covars": [
    [
      [
        1.0855809614705545e-05,
        5.435538849461124e-06
      ],
      [
        5.435538849461124e-06,
        6.605043727781042e-06
      ]
    ],
    [
      [
        0.0006519372804921116,
        0.0005286287026222666
      ],
      [
        0.0005286287026222666,
        0.0005262799879453821
      ]
    ]
  ],
  "transmat": [
    [
      0.9917025023049588,
      0.008297497695041192
    ],
    [
      0.8338282034607274,
      0.1661717965392726
    ]
  ],
  "startprob": [
    0.9999999998109041,
    1.8909590506082952e-10
  ]
}