{
  "feature": "meta_model",
  "attempt": 10,
  "timestamp": "2026-02-17T13:49:38.079291",
  "architecture": "XGBoost reg:squarederror + Bootstrap confidence + OLS scaling (25 features, +cny_demand_spread_z)",
  "phase": "3_meta_model",
  "model_config": {
    "n_features": 25,
    "train_samples": 2132,
    "val_samples": 456,
    "test_samples": 458,
    "samples_per_feature_ratio": 85.28,
    "selected_configuration": "optuna",
    "optuna_trials_completed": 100,
    "best_params": {
      "max_depth": 4,
      "min_child_weight": 18,
      "subsample": 0.7806622576541721,
      "colsample_bytree": 0.2696604046617069,
      "reg_lambda": 13.564867717379686,
      "reg_alpha": 2.8844707587107212,
      "learning_rate": 0.03700502638424438,
      "n_estimators": 100
    }
  },
  "optuna_search": {
    "n_trials": 100,
    "best_value": 0.6573306295064448,
    "best_trial_number": 53,
    "top_5_trials": [
      {
        "number": 53,
        "value": 0.6573306295064448,
        "params": {
          "max_depth": 4,
          "min_child_weight": 18,
          "subsample": 0.7806622576541721,
          "colsample_bytree": 0.2696604046617069,
          "reg_lambda": 13.564867717379686,
          "reg_alpha": 2.8844707587107212,
          "learning_rate": 0.03700502638424438,
          "n_estimators": 100
        },
        "val_da": 0.5582417582417583,
        "val_hc_da": 0.5777777777777777
      },
      {
        "number": 61,
        "value": 0.6399699611140627,
        "params": {
          "max_depth": 4,
          "min_child_weight": 18,
          "subsample": 0.7253018589192054,
          "colsample_bytree": 0.21320043213083742,
          "reg_lambda": 6.166464201857397,
          "reg_alpha": 3.0343469290905984,
          "learning_rate": 0.0448823436135341,
          "n_estimators": 179
        },
        "val_da": 0.5626373626373626,
        "val_hc_da": 0.5555555555555556
      },
      {
        "number": 75,
        "value": 0.6394057175309619,
        "params": {
          "max_depth": 3,
          "min_child_weight": 12,
          "subsample": 0.6165418461714304,
          "colsample_bytree": 0.336606698434181,
          "reg_lambda": 7.421893522622935,
          "reg_alpha": 1.651567626784018,
          "learning_rate": 0.023612045572833463,
          "n_estimators": 292
        },
        "val_da": 0.5626373626373626,
        "val_hc_da": 0.5333333333333333
      },
      {
        "number": 32,
        "value": 0.6370064011739168,
        "params": {
          "max_depth": 4,
          "min_child_weight": 16,
          "subsample": 0.7397428413437854,
          "colsample_bytree": 0.31802868607191775,
          "reg_lambda": 5.678319488478436,
          "reg_alpha": 0.9582726290316906,
          "learning_rate": 0.03623760828568387,
          "n_estimators": 213
        },
        "val_da": 0.567032967032967,
        "val_hc_da": 0.5111111111111111
      },
      {
        "number": 82,
        "value": 0.615282760929373,
        "params": {
          "max_depth": 3,
          "min_child_weight": 17,
          "subsample": 0.6411157554358872,
          "colsample_bytree": 0.3911896663898925,
          "reg_lambda": 7.614770548887852,
          "reg_alpha": 1.2881896969285902,
          "learning_rate": 0.03322481261108049,
          "n_estimators": 246
        },
        "val_da": 0.5494505494505495,
        "val_hc_da": 0.5444444444444444
      }
    ]
  },
  "fallback_comparison": {
    "fallback_objective": 0.4569120278253667,
    "optuna_objective": 0.6573306295064448,
    "selected": "optuna",
    "fallback_metrics": {
      "da": 0.512087912087912,
      "hcda": 0.5111111111111111,
      "mae": 0.6494518805600946,
      "sharpe": 0.009606266630992996
    }
  },
  "bootstrap_analysis": {
    "bootstrap_ensemble_size": 5,
    "bootstrap_seeds": [
      42,
      43,
      44,
      45,
      46
    ],
    "bootstrap_std_range_test": [
      0.005123041104525328,
      0.1407683938741684
    ],
    "bootstrap_std_mean_test": 0.03339919075369835,
    "bootstrap_conf_range_test": [
      0.8766021132469177,
      0.9949030876159668
    ],
    "bootstrap_conf_mean_test": 0.967963457107544,
    "hcda_bootstrap": 0.5869565217391305,
    "hcda_pred": 0.532608695652174,
    "hcda_improvement": 0.05434782608695654
  },
  "ols_scaling": {
    "alpha_ols": 1.1468097520381473,
    "mae_raw": 0.949263069156713,
    "mae_scaled": 0.9490251693295167,
    "mae_improvement": 0.0002378998271962418
  },
  "primary_hcda_method": "bootstrap",
  "primary_hcda_value": 0.5869565217391305,
  "primary_mae": 0.9490251693295167,
  "metrics": {
    "train": {
      "direction_accuracy": 0.6489161168708766,
      "high_confidence_da": 0.8192488262910798,
      "high_confidence_coverage": 0.200281425891182,
      "mae": 0.6185270170108806,
      "mae_raw": 0.6227249898692275,
      "mae_scaled": 0.6185270170108806,
      "sharpe_ratio": 5.775828436489213
    },
    "val": {
      "direction_accuracy": 0.5560439560439561,
      "high_confidence_da": 0.5111111111111111,
      "high_confidence_coverage": 0.19956140350877194,
      "mae": 0.6453595622399754,
      "mae_raw": 0.6453595622399754,
      "mae_scaled": 0.6459850949073839,
      "sharpe_ratio": 1.4705703067706575
    },
    "test": {
      "direction_accuracy": 0.5851528384279476,
      "high_confidence_da": 0.532608695652174,
      "high_confidence_coverage": 0.20087336244541484,
      "mae": 0.9490251693295167,
      "mae_raw": 0.949263069156713,
      "mae_scaled": 0.9490251693295167,
      "sharpe_ratio": 1.9977312895770531
    }
  },
  "target_evaluation": {
    "direction_accuracy": {
      "target": "> 56.0%",
      "actual": "58.52%",
      "gap": "+2.52pp",
      "passed": true
    },
    "high_confidence_da": {
      "target": "> 60.0%",
      "actual": "58.70%",
      "gap": "-1.30pp",
      "passed": false,
      "method_used": "bootstrap"
    },
    "mae": {
      "target": "< 0.75%",
      "actual": "0.9490%",
      "gap": "-0.9415%",
      "passed": false
    },
    "sharpe_ratio": {
      "target": "> 0.80",
      "actual": "2.00",
      "gap": "+1.20",
      "passed": true
    }
  },
  "targets_passed": "2",
  "targets_total": 4,
  "overall_passed": false,
  "overfitting_analysis": {
    "train_test_da_gap_pp": 6.376327844292895,
    "target_gap_pp": 10.0,
    "overfitting_check": "PASS"
  },
  "feature_importance": {
    "top_10_xgb": [
      {
        "feature": "tech_trend_regime_prob",
        "importance": 0.0731581449508667
      },
      {
        "feature": "real_rate_change",
        "importance": 0.06854229420423508
      },
      {
        "feature": "inflation_exp_change",
        "importance": 0.04995862394571304
      },
      {
        "feature": "tech_mean_reversion_z",
        "importance": 0.04949689656496048
      },
      {
        "feature": "yc_curvature_z",
        "importance": 0.04749380052089691
      },
      {
        "feature": "options_risk_regime_prob",
        "importance": 0.04442064091563225
      },
      {
        "feature": "yield_spread_change",
        "importance": 0.04361812770366669
      },
      {
        "feature": "xasset_divergence",
        "importance": 0.041046421974897385
      },
      {
        "feature": "temporal_context_score",
        "importance": 0.04024539142847061
      },
      {
        "feature": "etf_regime_prob",
        "importance": 0.039284538477659225
      }
    ],
    "options_risk_regime_prob_rank": 23,
    "options_risk_regime_prob_importance": 0.04442064091563225,
    "temporal_context_score_rank": 24,
    "temporal_context_score_importance": 0.04024539142847061,
    "cny_demand_spread_z_rank": 25,
    "cny_demand_spread_z_importance": 0.037610165774822235
  },
  "vs_attempt_2": {
    "da_delta_pp": 1.2552838427947632,
    "hcda_delta_pp": 3.4356521739130508,
    "mae_delta": 0.26132516932951677,
    "sharpe_delta": 0.41423128957705324
  },
  "vs_attempt_5": {
    "da_delta_pp": 1.7452838427947648,