{
  "feature": "meta_model",
  "attempt": 13,
  "timestamp": "2026-02-18T12:36:22.509634",
  "architecture": "XGBoost reg:squarederror + Bootstrap confidence + OLS scaling",
  "phase": "3_meta_model",
  "model_config": {
    "n_features": 27,
    "train_samples": 2132,
    "val_samples": 457,
    "test_samples": 458,
    "samples_per_feature_ratio": 78.96296296296296,
    "selected_configuration": "optuna",
    "optuna_trials_completed": 100,
    "best_params": {
      "max_depth": 4,
      "min_child_weight": 15,
      "subsample": 0.7550158429225285,
      "colsample_bytree": 0.20116827988866215,
      "reg_lambda": 12.40974462095005,
      "reg_alpha": 5.480860976076261,
      "learning_rate": 0.048989512101553334,
      "n_estimators": 576
    }
  },
  "optuna_search": {
    "n_trials": 100,
    "best_value": 0.654325447348174,
    "best_trial_number": 31,
    "top_5_trials": [
      {
        "number": 31,
        "value": 0.654325447348174,
        "params": {
          "max_depth": 4,
          "min_child_weight": 15,
          "subsample": 0.7550158429225285,
          "colsample_bytree": 0.20116827988866215,
          "reg_lambda": 12.40974462095005,
          "reg_alpha": 5.480860976076261,
          "learning_rate": 0.048989512101553334,
          "n_estimators": 576
        },
        "val_da": 0.5745614035087719,
        "val_hc_da": 0.5384615384615384
      },
      {
        "number": 88,
        "value": 0.6490116968990068,
        "params": {
          "max_depth": 4,
          "min_child_weight": 25,
          "subsample": 0.6267476575953029,
          "colsample_bytree": 0.2077074970505087,
          "reg_lambda": 5.359040363703729,
          "reg_alpha": 3.942168802624111,
          "learning_rate": 0.03899641540024941,
          "n_estimators": 660
        },
        "val_da": 0.5614035087719298,
        "val_hc_da": 0.5824175824175825
      },
      {
        "number": 90,
        "value": 0.6436245799065676,
        "params": {
          "max_depth": 4,
          "min_child_weight": 24,
          "subsample": 0.40003303570289933,
          "colsample_bytree": 0.20967830411380411,
          "reg_lambda": 6.076648458476929,
          "reg_alpha": 4.011256882687685,
          "learning_rate": 0.02740039941518589,
          "n_estimators": 751
        },
        "val_da": 0.5635964912280702,
        "val_hc_da": 0.5384615384615384
      },
      {
        "number": 13,
        "value": 0.6389301826791941,
        "params": {
          "max_depth": 4,
          "min_child_weight": 15,
          "subsample": 0.7473683126920869,
          "colsample_bytree": 0.2049028726813969,
          "reg_lambda": 7.546095470475935,
          "reg_alpha": 4.037054075206931,
          "learning_rate": 0.04987544765589416,
          "n_estimators": 605
        },
        "val_da": 0.5592105263157895,
        "val_hc_da": 0.5274725274725275
      },
      {
        "number": 53,
        "value": 0.6356773662185168,
        "params": {
          "max_depth": 4,
          "min_child_weight": 21,
          "subsample": 0.8475314028043262,
          "colsample_bytree": 0.27761396856502885,
          "reg_lambda": 7.799604953417996,
          "reg_alpha": 4.648735559948075,
          "learning_rate": 0.03321825120490194,
          "n_estimators": 599
        },
        "val_da": 0.5657894736842105,
        "val_hc_da": 0.5384615384615384
      }
    ]
  },
  "fallback_comparison": {
    "fallback_objective": 0.6031192645609634,
    "optuna_objective": 0.654325447348174,
    "selected": "optuna",
    "fallback_metrics": {
      "da": 0.5241228070175439,
      "hcda": 0.6060606060606061,
      "mae": 0.645430601935909,
      "sharpe": 1.060632608352959
    }
  },
  "bootstrap_analysis": {
    "bootstrap_ensemble_size": 5,
    "bootstrap_seeds": [
      42,
      43,
      44,
      45,
      46
    ],
    "bootstrap_std_range_test": [
      0.005020896904170513,
      0.14592400193214417
    ],
    "bootstrap_std_mean_test": 0.039141226559877396,
    "bootstrap_conf_range_test": [
      0.8726582527160645,
      0.9950042366981506
    ],
    "bootstrap_conf_mean_test": 0.9626200795173645,
    "hcda_bootstrap": 0.5,
    "hcda_pred": 0.5434782608695652,
    "hcda_improvement": -0.04347826086956519
  },
  "ols_scaling": {
    "alpha_ols": 2.076504786359723,
    "mae_raw": 0.95511625477549,
    "mae_scaled": 0.9543787724395573,
    "mae_improvement": 0.0007374823359327376
  },
  "primary_hcda_method": "pred",
  "primary_hcda_value": 0.5434782608695652,
  "primary_mae": 0.9543787724395573,
  "metrics": {
    "train": {
      "direction_accuracy": 0.6489161168708766,
      "high_confidence_da": 0.8192488262910798,
      "high_confidence_coverage": 0.200281425891182,
      "mae": 0.6132689112484174,
      "mae_raw": 0.6330134388207028,
      "mae_scaled": 0.6132689112484174,
      "sharpe_ratio": 5.470112163520396
    },
    "val": {
      "direction_accuracy": 0.5657894736842105,
      "high_confidence_da": 0.5217391304347826,
      "high_confidence_coverage": 0.2013129102844639,
      "mae": 0.6411538567855462,
      "mae_raw": 0.6416258934597513,
      "mae_scaled": 0.6411538567855462,
      "sharpe_ratio": 1.3813278746432818
    },
    "test": {
      "direction_accuracy": 0.5349344978165939,
      "high_confidence_da": 0.5434782608695652,
      "high_confidence_coverage": 0.20087336244541484,
      "mae": 0.9543787724395573,
      "mae_raw": 0.95511625477549,
      "mae_scaled": 0.9543787724395573,
      "sharpe_ratio": 0.1334973936720961
    }
  },
  "target_evaluation": {
    "direction_accuracy": {
      "target": "> 56.0%",
      "actual": "53.49%",
      "gap": "-2.51pp",
      "passed": false
    },
    "high_confidence_da": {
      "target": "> 60.0%",
      "actual": "54.35%",
      "gap": "-5.65pp",
      "passed": false,
      "method_used": "pred"
    },
    "mae": {
      "target": "< 0.75%",
      "actual": "0.9544%",
      "gap": "-0.9469%",
      "passed": false
    },
    "sharpe_ratio": {
      "target": "> 0.80",
      "actual": "0.13",
      "gap": "-0.67",
      "passed": false
    }
  },
  "targets_passed": "0",
  "targets_total": 4,
  "overall_passed": false,
  "overfitting_analysis": {
    "train_test_da_gap_pp": 11.398161905428273,
    "target_gap_pp": 10.0,
    "overfitting_check": "FAIL"
  },
  "feature_importance": {
    "top_10_xgb": [
      {
        "feature": "real_rate_change",
        "importance": 0.07643648982048035
      },
      {
        "feature": "tech_trend_regime_prob",
        "importance": 0.06960050761699677
      },
      {
        "feature": "inflation_exp_change",
        "importance": 0.04917627200484276
      },
      {
        "feature": "tech_mean_reversion_z",
        "importance": 0.04748515784740448
      },
      {
        "feature": "tech_volatility_regime",
        "importance": 0.04118623584508896
      },
      {
        "feature": "xasset_regime_prob",
        "importance": 0.037603866308927536
      },
      {
        "feature": "xasset_recession_signal",
        "importance": 0.03752608597278595
      },
      {
        "feature": "etf_regime_prob",
        "importance": 0.037369515746831894
      },
      {
        "feature": "options_risk_regime_prob",
        "importance": 0.03719779849052429
      },
      {
        "feature": "ie_regime_prob",
        "importance": 0.03561609983444214
      }
    ],
    "options_risk_regime_prob_rank": 23,
    "options_risk_regime_prob_importance": 0.03719779849052429,
    "temporal_context_score_rank": 24,
    "temporal_context_score_importance": 0.03525456786155701,
    "regime_classification_features": {
      "regime_prob_0": {
        "rank": 25,
        "importance": 0.027992336079478264
      },
      "regime_prob_1": {
        "rank": 26,
        "importance": 0.030872834846377373
      },
      "regime_transition_velocity": {
        "rank": 27,
        "importance": 0.02374357171356678
      }
    }
  },