{
  "feature": "regime_classification",
  "attempt": 1,
  "timestamp": "2026-02-18T21:25:15.007232",
  "gate1": {
    "passed": true,
    "checks": {
      "std_regime_prob_0": {
        "value": 0.32389881346673155,
        "threshold": 0.001,
        "passed": true
      },
      "std_regime_prob_1": {
        "value": 0.32389881346673155,
        "threshold": 0.001,
        "passed": true
      },
      "std_regime_transition_velocity": {
        "value": 0.13712107577542818,
        "threshold": 0.001,
        "passed": true
      },
      "no_all_nan": {
        "value": [],
        "passed": true
      },
      "regime_balance": {
        "regime_0_dominant_pct": 30.073924731182792,
        "regime_1_dominant_pct": 69.9260752688172,
        "max_regime_pct": 69.9260752688172,
        "threshold": 80.0,
        "passed": true
      },
      "regime_persistence": {
        "avg_duration_days": 9.987,
        "range": [
          5,
          30
        ],
        "passed": true
      },
      "autocorr_regime_prob_0": {
        "value": 0.9194898985020686,
        "threshold": 0.99,
        "passed": true
      },
      "autocorr_regime_prob_1": {
        "value": 0.9194898985020685,
        "threshold": 0.99,
        "passed": true
      },
      "autocorr_regime_transition_velocity": {
        "value": 0.468022155077701,
        "threshold": 0.99,
        "passed": true
      },
      "probability_sum": {
        "mean": 1.0,
        "min": 0.9999999999999997,
        "max": 1.0000000000000002,
        "max_deviation_from_1": 3.3306690738754696e-16,
        "passed": true
      },
      "overfit_ratio": {
        "value": 0.986,
        "threshold": 1.5,
        "passed": true
      }
    }
  },
  "gate2": {
    "passed": false,
    "checks": {
      "mi": {
        "base": 0.16979086637164176,
        "extended": 0.17110309017597702,
        "increase": 0.0077284710986172634,
        "increase_pct": 0.7728471098617263,
        "threshold_pct": 5.0,
        "passed": false
      },
      "vif": {
        "submodel_vifs": {
          "regime_prob_0": 3.899112953114605,
          "regime_prob_1": 3.5895992461859962,
          "regime_transition_velocity": 1.18645227443599
        },
        "max_submodel_vif": 3.899112953114605,
        "threshold": 10.0,
        "passed": true,
        "note": "VIF computed for new submodel columns only. Base features may have high VIF (known issue)."
      },
      "stability": {
        "stds": {
          "regime_prob_0": 0.046110218660968025,
          "regime_prob_1": 0.04611021866096797,
          "regime_transition_velocity": 0.057921129091054076
        },
        "max_std": 0.057921129091054076,
        "threshold": 0.15,
        "passed": true
      }
    }
  },
  "gate3": {
    "passed": true,
    "checks": {
      "direction": {
        "delta": 0.013385742821429347,
        "delta_pct": 1.3385742821429347,
        "threshold": 0.005,
        "passed": true,
        "improved_folds": 4
      },
      "sharpe": {
        "delta": 0.37738927712845444,
        "threshold": 0.05,
        "passed": true,
        "improved_folds": 4
      },
      "mae": {
        "delta": -0.0012329917222623221,
        "threshold": -0.01,
        "passed": false,
        "improved_folds": 4
      }
    },
    "baseline": {
      "direction_accuracy": 0.508798513800398,
      "mae": 0.6716758438330979,
      "sharpe": 0.43838242522487764
    },
    "extended": {
      "direction_accuracy": 0.5221842566218273,
      "mae": 0.6704428521108355,
      "sharpe": 0.8157717023533321
    },
    "fold_details": [
      {
        "fold": 1,
        "train_size": 423,
        "test_size": 420,
        "base_da": 0.49760765550239233,
        "ext_da": 0.5215311004784688,
        "da_delta": 0.023923444976076513,
        "base_sharpe": -0.7171497357002427,
        "ext_sharpe": 0.07175489200595439,
        "sharpe_delta": 0.7889046277061971,
        "base_mae": 0.5791370115513074,
        "ext_mae": 0.5843550729663081,
        "mae_delta": 0.0052180614150006965
      },
      {
        "fold": 2,
        "train_size": 843,
        "test_size": 420,
        "base_da": 0.4807692307692308,
        "ext_da": 0.4855769230769231,
        "da_delta": 0.004807692307692291,
        "base_sharpe": -0.6629656823137486,
        "ext_sharpe": -0.5143225454163225,
        "sharpe_delta": 0.14864313689742614,
        "base_mae": 0.5358232527381451,
        "ext_mae": 0.5354462200083172,
        "mae_delta": -0.0003770327298279197
      },
      {
        "fold": 3,
        "train_size": 1263,
        "test_size": 420,
        "base_da": 0.5239234449760766,
        "ext_da": 0.5287081339712919,
        "da_delta": 0.004784688995215336,
        "base_sharpe": 1.758529330338042,
        "ext_sharpe": 1.3758431302972884,
        "sharpe_delta": -0.3826862000407536,
        "base_mae": 0.8425340536320025,
        "ext_mae": 0.8383173254103001,
        "mae_delta": -0.004216728221702382
      },
      {
        "fold": 4,
        "train_size": 1683,
        "test_size": 420,
        "base_da": 0.5107398568019093,
        "ext_da": 0.5441527446300716,
        "da_delta": 0.03341288782816232,
        "base_sharpe": 1.3844208481807467,
        "ext_sharpe": 2.5212387436865864,
        "sharpe_delta": 1.1368178955058397,
        "base_mae": 0.7389922905279409,
        "ext_mae": 0.7329026166998219,
        "mae_delta": -0.00608967382811898
      },
      {
        "fold": 5,
        "train_size": 2103,
        "test_size": 420,
        "base_da": 0.530952380952381,
        "ext_da": 0.530952380952381,
        "da_delta": 0.0,
        "base_sharpe": 0.4290773656195907,
        "ext_sharpe": 0.624344291193154,
        "sharpe_delta": 0.19526692557356334,
        "base_mae": 0.6618926107160932,
        "ext_mae": 0.6611930254694306,
        "mae_delta": -0.0006995852466625818
      }
    ],
    "feature_importance": {
      "regime_prob_0": {
        "rank": 18,
        "total_features": 28,
        "importance": 0.03566531464457512,
        "importance_pct": 3.5665314197540283
      },
      "regime_prob_1": {
        "rank": 20,
        "total_features": 28,
        "importance": 0.03440322354435921,
        "importance_pct": 3.4403223991394043
      },
      "regime_transition_velocity": {
        "rank": 25,
        "total_features": 28,
        "importance": 0.02344478666782379,
        "importance_pct": 2.3444786071777344
      }
    }
  },
  "overall_passed": true,
  "overall_verdict": "PASS",
  "final_gate_reached": 3,
  "decision": "completed",
  "decision_rationale": "Gate 1 PASS, Gate 2 FAIL, Gate 3 PASS via DA (+1.34%, 4/5 folds), Sharpe (+0.3774, 4/5 folds). Gate 2 mi failed but Gate 3 passes override (precedent: vix, etf_flow, cross_asset, etc.)."
}